
{
	"allowSleep" : true,
	"autoClearForces" : true,
	"body" : 
	[
		
		{
			"angle" : 0,
			"angularVelocity" : 0,
			"awake" : true,
			"fixture" : 
			[
				
				{
					"density" : 1,
					"friction" : 100.0,
					"name" : "block6_fix",
					"polygon" : 
					{
						"vertices" : 
						{
							"x" : 
							[
								0.3642165958881378,
								0.3642165958881378,
								-0.3642165958881378,
								-0.3642165958881378
							],
							"y" : 
							[
								-0.3642163276672363,
								0.3642168045043945,
								0.3642168045043945,
								-0.3642163276672363
							]
						}
					}
				}
			],
			"linearVelocity" : 0,
			"massData-I" : 0.04692535847425461,
			"massData-center" : 
			{
				"x" : -1.611690364500262e-010,
				"y" : 2.362037605507794e-007
			},
			"massData-mass" : 0.5306148529052734,
			"name" : "block6_body",
			"position" : 
			{
				"x" : -0.2434509098529816,
				"y" : -6.635064125061035
			},
			"type" : 2
		},
		
		{
			"angle" : 0,
			"angularVelocity" : 0,
			"awake" : true,
			"fixture" : 
			[
				
				{
					"density" : 1,
					"friction" : 100.0,
					"name" : "block5_fix",
					"polygon" : 
					{
						"vertices" : 
						{
							"x" : 
							[
								0.3642165958881378,
								0.3642165958881378,
								-0.3642165958881378,
								-0.3642165958881378
							],
							"y" : 
							[
								-0.3642163276672363,
								0.3642168045043945,
								0.3642168045043945,
								-0.3642163276672363
							]
						}
					}
				}
			],
			"linearVelocity" : 0,
			"massData-I" : 0.04692535847425461,
			"massData-center" : 
			{
				"x" : -1.611690364500262e-010,
				"y" : 2.362037605507794e-007
			},
			"massData-mass" : 0.5306148529052734,
			"name" : "block5_body",
			"position" : 
			{
				"x" : -0.2434509694576263,
				"y" : -5.900520801544190
			},
			"type" : 2
		},
		
		{
			"angle" : 0,
			"angularVelocity" : 0,
			"awake" : true,
			"fixture" : 
			[
				
				{
					"density" : 1.5,
					"friction" : 100.0,
					"name" : "block4_fix",
					"polygon" : 
					{
						"vertices" : 
						{
							"x" : 
							[
								0.3642165958881378,
								0.3642165958881378,
								-0.3642165958881378,
								-0.3642165958881378
							],
							"y" : 
							[
								-0.3642163276672363,
								0.3642168045043945,
								0.3642168045043945,
								-0.3642163276672363
							]
						}
					}
				}
			],
			"linearVelocity" : 0,
			"massData-I" : 0.07038804143667221,
			"massData-center" : 
			{
				"x" : -1.611690364500262e-010,
				"y" : 2.362037605507794e-007
			},
			"massData-mass" : 0.7959222793579102,
			"name" : "block4_body",
			"position" : 
			{
				"x" : -0.2434510290622711,
				"y" : -5.165977001190186
			},
			"type" : 2
		},
		
		{
			"angle" : 0,
			"angularVelocity" : 0,
			"awake" : true,
			"fixture" : 
			[
				
				{
					"density" : 1,
					"friction" : 0.2,
					"name" : "nubes4_fix",
					"polygon" : 
					{
						"vertices" : 
						{
							"x" : 
							[
								1.033013582229614,
								-0.3726778030395508,
								-0.3726778030395508,
								1.020066022872925
							],
							"y" : 
							[
								0.3338346481323242,
								0.3726778030395508,
								-0.3726778030395508,
								-0.3726780414581299
							]
						}
					}
				}
			],
			"linearVelocity" : 0,
			"name" : "nubes4_body",
			"position" : 
			{
				"x" : 1.665961742401123,
				"y" : 2.919207096099854
			},
			"type" : 0
		},
		
		{
			"angle" : 0,
			"angularVelocity" : 0,
			"awake" : true,
			"fixture" : 
			[
				
				{
					"density" : 1,
					"friction" : 0.2,
					"name" : "nubes1_fix",
					"polygon" : 
					{
						"vertices" : 
						{
							"x" : 
							[
								1.071856975555420,
								-0.3726778030395508,
								-0.3726778030395508,
								1.058908939361572
							],
							"y" : 
							[
								0.3726778030395508,
								0.3726778030395508,
								-0.3726778030395508,
								-0.3338345289230347
							]
						}
					}
				}
			],
			"linearVelocity" : 0,
			"name" : "nubes1_body",
			"position" : 
			{
				"x" : 4.100141048431397,
				"y" : -1.185233235359192
			},
			"type" : 0
		},
		
		{
			"angle" : 0,
			"angularVelocity" : 0,
			"awake" : true,
			"fixture" : 
			[
				
				{
					"density" : 1,
					"friction" : 0.2,
					"name" : "nubes3_fix",
					"polygon" : 
					{
						"vertices" : 
						{
							"x" : 
							[
								2.522006034851074,
								-0.3726778030395508,
								-0.3726778030395508,
								2.483163356781006
							],
							"y" : 
							[
								0.3856255412101746,
								0.3726778030395508,
								-0.3726778030395508,
								-0.3467822670936585
							]
						}
					}
				}
			],
			"linearVelocity" : 0,
			"name" : "nubes3_body",
			"position" : 
			{
				"x" : 6.353051185607910,
				"y" : -0.3047854900360107
			},
			"type" : 0
		},
		
		{
			"angle" : -1.767015457153320,
			"angularVelocity" : 0,
			"awake" : true,
			"fixture" : 
			[
				
				{
					"chain" : 
					{
						"hasNextVertex" : true,
						"hasPrevVertex" : true,
						"nextVertex" : 
						{
							"x" : 0.05422826856374741,
							"y" : -1.916797757148743
						},
						"prevVertex" : 
						{
							"x" : -2.533646583557129,
							"y" : 15.64433765411377
						},
						"vertices" : 
						{
							"x" : 
							[
								1.003840208053589,
								0.05422826856374741,
								-0.2796037197113037,
								-0.4344625473022461,
								-1.489847064018250,
								-1.713584780693054,
								-0.6008336544036865,
								-2.577300071716309,
								-3.284460783004761,
								-3.403628826141357,
								-2.713563919067383,
								-3.289838552474976,
								-4.344664096832275,
								-4.537553310394287,
								-3.495170116424561,
								-3.720468282699585,
								-2.533646583557129,
								1.003840208053589
							],
							"y" : 
							[
								-1.753632545471191,
								-1.916797757148743,
								-1.979423761367798,
								-1.202207088470459,
								-1.436501741409302,
								-0.3997481167316437,
								-0.1845223903656006,
								9.674536705017090,
								9.557269096374512,
								10.23263072967529,
								10.35425281524658,
								13.22884082794190,
								12.99901199340820,
								14.03122520446777,
								14.25846099853516,
								15.42478561401367,
								15.64433765411377,
								-1.753632545471191
							]
						}
					},
					"density" : 1,
					"friction" : 0.4,
					"name" : "floor_fix"
				}
			],
			"linearVelocity" : 0,
			"name" : "floor_body",
			"position" : 
			{
				"x" : -12.08738422393799,
				"y" : -7.644540786743164
			},
			"type" : 0
		},
		
		{
			"angle" : 0,
			"angularVelocity" : 0,
			"awake" : true,
			"fixture" : 
			[
				
				{
					"density" : 1,
					"friction" : 0.4,
					"name" : "block1_fix",
					"polygon" : 
					{
						"vertices" : 
						{
							"x" : 
							[
								0.3488750457763672,
								-0.3488740921020508,
								-0.3488740921020508,
								0.3289575576782227
							],
							"y" : 
							[
								0.7173519134521484,
								0.7173519134521484,
								-0.7970228195190430,
								-0.8368582725524902
							]
						}
					}
				}
			],
			"linearVelocity" : 0,
			"name" : "block1_body",
			"position" : 
			{
				"x" : -9.030014991760254,
				"y" : -6.290136814117432
			},
			"type" : 0
		},
		
		{
			"angle" : 0,
			"angularVelocity" : 0,
			"awake" : true,
			"fixture" : 
			[
				
				{
					"density" : 1,
					"friction" : 0.2,
					"name" : "nubes2_fix",
					"polygon" : 
					{
						"vertices" : 
						{
							"x" : 
							[
								0.3726778030395508,
								0.3726778030395508,
								-0.3726778030395508,
								-0.3726778030395508
							],
							"y" : 
							[
								-0.3726778030395508,
								0.3726778030395508,
								0.3726778030395508,
								-0.3726778030395508
							]
						}
					}
				}
			],
			"linearVelocity" : 0,
			"name" : "nubes2_body",
			"position" : 
			{
				"x" : 2.196820020675659,
				"y" : -2.039785385131836
			},
			"type" : 0
		},
		
		{
			"angle" : 0,